particular,Laura,F,20131101145906
particular,Gabriel,M,20141201103416
particular,Robert,M,20090321155602
particular,Samantha,F,20160913054231
particular,Cassandra,F,20150321155602
particular,Tomas,M,20150913054231
particular,Sandra,F,20181101145906
particular,Antony,M,20070321155602
fiscal,Barbara,F,20020913054231
fiscal,Carlos,M,20120913054231
fiscal,Dunia,F,20190321155602
fiscal,Nick,M,20100913054231
fiscal,Teresa,F,20140913054231
fiscal,Hugo,M,20161013054421
fiscal,Andrea,F,20131214100330
fiscal,Boris,M,20141214100330